<?xml version="1.0" encoding="UTF-8"?>
<!DOCTYPE mapper PUBLIC "-//mybatis.org//DTD Mapper 3.0//EN" "http://mybatis.org/dtd/mybatis-3-mapper.dtd">
<mapper namespace="cont.specialdata.rest.dao.mapper.ProjectCirculationMapper">
    <resultMap id="UserResult" type="cont.specialdata.rest.dao.po.UserPo">
        <result column="id" property="id"/>
        <result column="name" property="name"/>
        <result column="contactUser" property="contactUser"/>
        <result column="phoneNumber" property="phoneNumber"/>
        <result column="area" property="area"/>
        <result column="operatingPerson" property="operatingPerson"/>
        <result column="address" property="address"/>
        <result column="postCode" property="postCode"/>
        <result column="remark" property="remark"/>
        <result column="director" property="director"/>
    </resultMap>
    <resultMap id="ProjectResult" type="cont.specialdata.rest.dao.po.ProjectPo">
    <result column="id" property="id"/>
    <result column="projectName" property="projectName"/>
    <result column="owner" property="owner"/>
    <result column="leader" property="leader"/>
    <result column="rate" property="rate"/>
    <result column="remark" property="remark"/>
</resultMap>
    <resultMap id="CodeItemResult" type="cont.specialdata.rest.dao.po.CodeItemPo">
        <result column="id" property="id"/>
        <result column="name" property="name"/>
        <result column="type" property="type"/>
        <result column="code" property="code"/>
        <result column="orderNo" property="orderNo"/>
    </resultMap>

    <resultMap id="ProjectDetailResult" type="cont.specialdata.rest.dao.po.ProjectDetialPo">
        <result column="id" property="id"/>
        <result column="projectName" property="projectName"/>
        <result column="owner" property="owner"/>
        <result column="leader" property="leader"/>
        <result column="rate" property="rate"/>
        <result column="remark" property="remark"/>
        <result column="currentProgress" property="currentProgress"/>
    </resultMap>

    <resultMap id="ReportResult" type="cont.specialdata.rest.dao.po.ReportPo">
        <result column="id" property="id"/>
        <result column="outboundNo" property="outboundNo"/>
        <result column="provinceNo" property="provinceNo"/>
        <result column="isUpload" property="isUpload"/>
        <result column="entrustedUnit" property="entrustedUnit"/>
        <result column="projectName" property="projectName"/>
        <result column="sampleNo" property="sampleNo"/>
        <result column="auditTime" property="auditTime"/>
        <result column="recieveTime" property="recieveTime"/>
        <result column="lastTime" property="lastTime"/>
        <result column="overProof" property="overProof"/>
        <result column="preparedPerson" property="preparedPerson"/>
        <result column="auditPerson" property="auditPerson"/>
        <result column="issuer" property="issuer"/>
        <result column="reportTime" property="reportTime"/>

        <result column="handoverTime" property="handoverTime"/>
        <result column="recipient" property="recipient"/>
        <result column="realAuditPerson" property="realAuditPerson"/>
        <result column="realIssuer" property="realIssuer"/>
        <result column="realPreparedPerson" property="realPreparedPerson"/>
        <result column="type" property="type"/>
        <result column="remark;" property="remark;"/>
        <result column="state" property="state"/>
        <result column="recipientTime" property="recipientTime"/>
        <result column="reportName" property="reportName"/>
        <result column="smallNo" property="smallNo"/>
    </resultMap>

    <insert id="addUser" parameterType="cont.specialdata.rest.dao.po.UserPo">
    insert into entrustedunit (id, name, contactUser,phoneNumber, area, operatingPerson,
      address, postCode, remark,director,createTime)
    values (#{id,jdbcType=VARCHAR}, #{name,jdbcType=VARCHAR}, #{contactUser,jdbcType=VARCHAR},
      #{phoneNumber,jdbcType=VARCHAR}, #{area,jdbcType=VARCHAR}, #{operatingPerson,jdbcType=VARCHAR},
      #{address,jdbcType=VARCHAR}, #{postCode,jdbcType=VARCHAR}, #{remark,jdbcType=VARCHAR},
      #{director,jdbcType=VARCHAR},#{createTime,jdbcType=TIMESTAMP}
      )
  </insert>
    <insert id="addProject" parameterType="cont.specialdata.rest.dao.po.ProjectPo">
    insert into projecttable (id, projectName, owner,leader, remark, rate,createTime)
    values (#{id,jdbcType=VARCHAR}, #{projectName,jdbcType=VARCHAR}, #{owner,jdbcType=VARCHAR},
      #{leader,jdbcType=VARCHAR}, #{remark,jdbcType=VARCHAR}, #{rate,jdbcType=DECIMAL},#{createTime,jdbcType=TIMESTAMP}
      )
  </insert>
    <insert id="addReport" parameterType="cont.specialdata.rest.dao.po.AddReportPo">
    insert into reporttable (id, outboundNo, provinceNo,isUpload, entrustedUnit, projectName,
    sampleNo,
        <if test="recieveTime != null">
            recieveTime,
        </if>
        <if test="lastTime != null">
            lastTime,
        </if>
        bigNo,smallNo,
    overProof,preparedPerson,auditPerson,issuer,recipient,remark,type,state,reportName,createTime)
    values (#{id,jdbcType=VARCHAR}, #{outboundNo,jdbcType=VARCHAR}, #{provinceNo,jdbcType=VARCHAR},#{isUpload,jdbcType=DECIMAL},
      #{entrustedUnit,jdbcType=VARCHAR}, #{projectName,jdbcType=VARCHAR}, #{sampleNo,jdbcType=VARCHAR},
        <if test="recieveTime != null">
            #{recieveTime,jdbcType=TIMESTAMP},
        </if>
        <if test="lastTime != null">
        #{lastTime,jdbcType=TIMESTAMP},
    </if>
        #{bigNo,jdbcType=DECIMAL},#{smallNo,jdbcType=VARCHAR},
     #{overProof,jdbcType=DECIMAL},#{preparedPerson,jdbcType=VARCHAR},
      #{auditPerson,jdbcType=VARCHAR},#{issuer,jdbcType=VARCHAR},#{recipient,jdbcType=VARCHAR},#{remark,jdbcType=VARCHAR},
       #{type,jdbcType=VARCHAR},#{state,jdbcType=DECIMAL},#{reportName,jdbcType=VARCHAR},#{createTime,jdbcType=TIMESTAMP}
      )
  </insert>


    <update id="editReport" parameterType="cont.specialdata.rest.dao.po.EditReportPo">
        update reporttable
        <set>
            <if test="outboundNo != null">
                outboundNo = #{outboundNo,jdbcType=VARCHAR},
            </if>
            <if test="provinceNo != null">
                provinceNo = #{provinceNo,jdbcType=VARCHAR},
            </if>
            <if test="isUpload != null">
                isUpload = #{isUpload,jdbcType=DECIMAL},
            </if>
            <if test="entrustedUnit != null">
                entrustedUnit = #{entrustedUnit,jdbcType=VARCHAR},
            </if>
            <if test="projectName != null">
                projectName = #{projectName,jdbcType=VARCHAR},
            </if>
            <if test="sampleNo != null">
                sampleNo = #{sampleNo,jdbcType=VARCHAR},
            </if>
            <if test="recieveTime != null">
                recieveTime = #{recieveTime,jdbcType=TIMESTAMP},
            </if>
            <if test="lastTime != null">
                lastTime = #{lastTime,jdbcType=TIMESTAMP},
            </if>
            <if test="overProof != null">
                overProof = #{overProof,jdbcType=DECIMAL},
            </if>
            <if test="preparedPerson != null">
                preparedPerson = #{preparedPerson,jdbcType=VARCHAR},
            </if>
            <if test="auditPerson != null">
                auditPerson = #{auditPerson,jdbcType=VARCHAR},
            </if>
            <if test="issuer != null">
                issuer = #{issuer,jdbcType=VARCHAR},
            </if>
            <if test="recipient != null">
                recipient = #{recipient,jdbcType=VARCHAR},
            </if>
            <if test="remark != null">
                remark = #{remark,jdbcType=VARCHAR},
            </if>
            <if test="realAuditPerson != null">
                realAuditPerson = #{realAuditPerson,jdbcType=VARCHAR},
            </if>
            <if test="realIssuer != null">
                realIssuer = #{realIssuer,jdbcType=VARCHAR},
            </if>
            <if test="type != null">
                type = #{type,jdbcType=VARCHAR},
            </if>
            <if test="realPreparedPerson != null">
                realPreparedPerson = #{realPreparedPerson,jdbcType=VARCHAR},
            </if>
            <if test="reportTime != null">
                reportTime = #{reportTime,jdbcType=TIMESTAMP},
            </if>
            <if test="auditTime != null">
                auditTime = #{auditTime,jdbcType=TIMESTAMP},
            </if>
            <if test="handoverTime != null">
                handoverTime = #{handoverTime,jdbcType=TIMESTAMP},
            </if>
            <if test="bigNo != null">
                bigNo = #{bigNo,jdbcType=DECIMAL},
            </if>
                smallNo = #{smallNo,jdbcType=VARCHAR},
            <if test="reportName != null">
                reportName = #{reportName,jdbcType=VARCHAR},
            </if>
            <if test="recipientTime != null">
                recipientTime = #{recipientTime,jdbcType=TIMESTAMP},
            </if>
            state=#{state,jdbcType=DECIMAL}
        </set>
        where id = #{id,jdbcType=VARCHAR}
    </update>



    <delete  id="deleteUser"  parameterType="String">
          delete from entrustedunit  where id=#{id}
    </delete >

    <delete  id="deleteProject"  parameterType="String">
      delete from projecttable  where id=#{id}
    </delete >

    <delete  id="deleteReport"  parameterType="String">
          delete from reporttable  where id=#{reportId}
    </delete >

    <update id="report">
        update reporttable set state = '1', reportTime = #{date,jdbcType=TIMESTAMP}
        where id = #{reportId,jdbcType=VARCHAR}
    </update>
    <update id="handover">
        update reporttable set state = '2', handoverTime = #{date,jdbcType=TIMESTAMP}
        where id = #{reportId,jdbcType=VARCHAR}
    </update>

    <update id="updateProjectUserName">
        update projecttable set owner = #{targetName}
        where owner = #{sourceName}
    </update>
    <update id="updateReportUserName">
        update reporttable set entrustedUnit = #{targetName}
        where entrustedUnit  = #{sourceName}
    </update>
    <update id="updateReportProjectName">
        update reporttable set projectName = #{targetName}
        where projectName  = #{sourceName}
    </update>
    <update id="recipient">
        update reporttable set recipient = #{recipient},state=5,recipientTime=#{recipientTime,jdbcType=TIMESTAMP}
        where id = #{reportId,jdbcType=VARCHAR}
    </update>


    <update id="editProject" parameterType="cont.specialdata.rest.dao.po.ProjectPo">
        update projecttable
        <set>
            <if test="projectName != null">
                projectName = #{projectName,jdbcType=VARCHAR},
            </if>
            <if test="owner != null">
                owner = #{owner,jdbcType=VARCHAR},
            </if>
            <if test="leader != null">
                leader = #{leader,jdbcType=VARCHAR},
            </if>
            <if test="remark != null">
                remark = #{remark,jdbcType=VARCHAR},
            </if>
            <if test="rate != null">
                rate = #{rate,jdbcType=DECIMAL}
            </if>
        </set>
        where id = #{id,jdbcType=VARCHAR}
    </update>

    <update id="editUser" parameterType="cont.specialdata.rest.dao.po.UserPo">
        update entrustedunit
        <set>
            <if test="name != null">
                name = #{name,jdbcType=VARCHAR},
            </if>
            <if test="contactUser != null">
                contactUser = #{contactUser,jdbcType=VARCHAR},
            </if>
            <if test="phoneNumber != null">
                phoneNumber = #{phoneNumber,jdbcType=VARCHAR},
            </if>
            <if test="area != null">
                area = #{area,jdbcType=VARCHAR},
            </if>
            <if test="operatingPerson != null">
                operatingPerson = #{operatingPerson,jdbcType=VARCHAR},
            </if>
            <if test="address != null">
                address = #{address,jdbcType=VARCHAR},
            </if>
            <if test="postCode != null">
                postCode = #{postCode,jdbcType=VARCHAR},
            </if>
            <if test="director != null">
                director = #{director,jdbcType=VARCHAR},
            </if>
            <if test="remark != null">
                remark = #{remark,jdbcType=VARCHAR}
            </if>
        </set>
        where id = #{id,jdbcType=VARCHAR}
    </update>

    <select id="selectUserByName" resultMap="UserResult">
     select * from entrustedunit t where t.name=#{name}
    </select>
    <select id="selectUserById" resultMap="UserResult">
     select * from entrustedunit t where t.id=#{id}
    </select>

    <select id="selectProjectById" resultMap="ProjectResult">
     select * from projecttable t where t.id=#{id}
    </select>
    <select id="selectProjectByName" resultMap="ProjectResult">
     select * from projecttable t where t.projectName=#{name}
    </select>

    <select id="getCodeItem" resultMap="CodeItemResult">
     select * from codeitem t where t.type=#{type} order by orderNo
    </select>

    <select id="getUnitName" resultType="java.lang.String">
     select name from entrustedunit t where 1=1
        <if test="name !=null and name != ''">
            and t.name like #{name}
        </if>
        order by name desc
    </select>
    <select id="getProjectName" resultType="java.lang.String">
     select projectName from projecttable t where 1=1
        <if test="name !=null and name != ''">
            and t.projectName like #{name}
        </if>
        <if test="entrustedUnit !=null and entrustedUnit != ''">
            and t.owner like #{entrustedUnit}
        </if>

        order by projectName desc
    </select>


    <select id="getUserPage" resultMap="UserResult">
        <bind name="key_offset" value="(pageIndex-1)*pageSize"></bind>
    SELECT * FROM `entrustedunit` t where 1=1
        <if test="name !=null and name != ''">
            and t.name like #{name}
        </if>
        <if test="phoneNumber !=null and phoneNumber != ''">
            and t.phoneNumber like #{phoneNumber}
        </if>
     limit  #{key_offset},#{pageSize}
    </select>

    <select id="getUserCount" resultType="java.lang.Long">
        SELECT count(*) FROM `entrustedunit` t where 1=1
        <if test="name !=null and name != ''">
            and t.name like #{name}
        </if>
        <if test="phoneNumber !=null and phoneNumber != ''">
            and t.phoneNumber like #{phoneNumber}
        </if>
    </select>
    <select id="getOutboundNoByType" resultType="java.lang.Long">
         SELECT max(bigNo) FROM `reporttable`  where type=#{type}  and createTime &gt;=#{beginDate} and createTime &lt;= #{endDate}
    </select>


    <select id="getProjectPage" resultMap="ProjectDetailResult">
        <bind name="key_offset" value="(pageIndex-1)*pageSize"></bind>
        SELECT p.*,r.currentProgress FROM projecttable p
        left join (
        SELECT count(*) as currentProgress,projectName FROM reporttable GROUP BY projectName ) r
        on r.projectName=p.projectName where 1=1
        <if test="projectName !=null and projectName != ''">
            and p.projectName like #{projectName}
        </if>
        <if test="userName !=null and userName != ''">
            and p.owner like #{userName}
        </if>
        limit  #{key_offset},#{pageSize}
    </select>
    <select id="getReportPage" resultMap="ReportResult">
        <bind name="key_offset" value="(pageIndex-1)*pageSize"></bind>
        SELECT * FROM `reporttable` t where 1=1
        <if test="type !=null and type != ''">
            and t.type = #{type}
        </if>
        <if test="state !=9">
            and t.state = #{state}
        </if>
        <if test="userName !=null and userName != ''">
            and t.entrustedUnit  like #{userName}
        </if>
        <if test="sampleNo !=null and sampleNo != ''">
            and t.sampleNo like #{sampleNo}
        </if>
        <if test="reportName !=null and reportName != ''">
            and t.reportName like #{reportName}
        </if>
        order by t.bigNo desc,t.createTime desc
        limit  #{key_offset},#{pageSize}
    </select>
    <select id="getReportByProjectId" resultMap="ReportResult">
    SELECT t.* FROM `reporttable` t left join projecttable p on p.projectName=t.projectName
    and t.entrustedUnit=p.owner
    where p.id=#{projectId}
    </select>
    <select id="getReportByOutboundNo" resultMap="ReportResult">
SELECT * FROM `reporttable` t where t.outboundNo =#{outboundNo}  and t.createTime &gt;=#{beginDate} and t.createTime &lt;= #{endDate}
    </select>



    <select id="getReportById" resultMap="ReportResult">
        SELECT * FROM `reporttable` t where id=#{id}
    </select>

    <select id="getReportCount" resultType="java.lang.Long">
        SELECT count(*) FROM `reporttable` t where 1=1
        <if test="type !=null and type != ''">
            and t.type = #{type}
        </if>
        <if test="state !=9">
            and t.state = #{state}
        </if>
        <if test="userName !=null and userName != ''">
            and t.entrustedUnit  like #{userName}
        </if>
        <if test="sampleNo !=null and sampleNo != ''">
            and t.sampleNo like #{sampleNo}
        </if>
        <if test="reportName !=null and reportName != ''">
            and t.reportName like #{reportName}
        </if>
    </select>
    <select id="getProjectCount" resultType="java.lang.Long">
        SELECT count(*) FROM `projecttable` t where 1=1
        <if test="projectName !=null and projectName != ''">
            and t.projectName like #{projectName}
        </if>
        <if test="userName !=null and userName != ''">
            and t.owner like #{userName}
        </if>
    </select>

    <select id="statisticsWeek" resultMap="ReportResult">
        SELECT * FROM `reporttable` t where t.lastTime &gt;=#{beginDate} and t.lastTime &lt;= #{endDate} and t.state &lt;&gt; 5
    </select>
</mapper>